gait_features_PC1,gait_features_PC2,gait_features_PC3,gait_features_PC4,gait_features_PC5,spectral_features_PC1,spectral_features_PC2,spectral_features_PC3,spectral_features_PC4,spectral_features_PC5,spectral_features_PC6,spectral_features_PC7,spectral_features_PC8,spectral_features_PC9,spectral_features_PC10,spectral_features_PC11,spectral_features_PC12,spectral_features_PC13,spectral_features_PC14,spectral_features_PC15,spectral_features_PC16,spectral_features_PC17,spectral_features_PC18,spectral_features_PC19,spectral_features_PC20,temporal_features_PC1,temporal_features_PC2,temporal_features_PC3,temporal_features_PC4
1.8392307489496298,-3.004357564543078,-0.935245894084162,-0.7625499255392338,-1.616526507252607,1.146054409204486,7.176872425707555,6.744665448379007,-2.210074875866408,-1.6265824503811637,-3.197370967098322,-3.5524981168120666,-0.7899858207830751,0.30479418619110527,2.280541149715183,-0.6749195366460874,0.21734658165258505,0.012111957519802829,0.015857640594460595,-1.1749467392591744,-0.8691112210234146,-0.7949825897512112,0.5260567259140607,-0.5553445536575969,0.37838151138559667,-1.121046377300495,0.8879604768256864,-0.16580073105937054,-0.9823599284379326
0.28087415680165356,0.9728437691803025,0.06417939464009237,-0.6780783804675651,0.030843834509241302,8.405478141425041,3.186835590212025,1.977030864892116,0.6597335275600515,7.735323017224011,-2.978807517394284,5.465303826735567,2.429972890032766,-1.6479256448584898,0.5435412928175424,0.5033603351019587,1.3582087665471512,-0.20600834417631564,-2.649967791587368,-2.7509038725746238,1.4876515011689442,-0.7868278986259747,-0.5733579601923321,1.8313905240218535,-0.27093536018339387,-2.787446452242482,-1.9627632092145257,0.1893780645114238,0.31038907114609426
0.24885778982996343,0.5582965902552898,-0.6658218762264673,-0.17526588368458224,-0.1946058920631901,-6.041786100526889,0.9018661188670343,-3.2240375005197657,-2.4055092752476184,3.1366283924168346,-0.8329155482380827,0.8165605108649802,0.25227193976493645,2.280928958618624,-2.264954669494237,-2.52576545826703,-3.3097622725375953,0.2932624854972278,0.688226945938486,1.28285167890129,1.183047627096392,-1.4179742625078935,1.6916072234177424,0.2745110234653867,0.7590102293451159,2.048871170938079,-2.3502146692116286,0.7135494338106257,-1.9106792110319515
-1.7641338929207475,1.061811444958627,0.47803258106060714,-0.7885900906554575,-0.10024966162239946,2.44182008408185,-3.778860419859206,-3.440635049827372,-2.0997618445416277,5.71797993325632,3.2186025180912385,-6.283869452656655,-2.0105612511340754,-4.699358026035377,0.38577882722232476,-0.725990766069739,0.010313378764222225,-1.213393960489465,1.0471083197389535,-0.1740880419991799,-0.4693893342710815,-0.41771762338097523,1.5536234654470547,-0.924197764887183,0.48370305855327034,0.06861866643063033,-1.6910588343344186,1.5617695126581912,0.18915838692884152
-4.0982929763264835,-0.8032036564989061,0.8634387455628194,-1.1209111610620794,-0.40189393295505954,-1.4501402076748269,0.328499725246451,0.5537482413310071,-0.45265273471974643,-0.7032485737498771,1.3962439691659987,3.4947592528566185,-2.370831566111082,-3.3911294304353348,-1.4427124136536138,2.642931038720538,1.475923930106099,-0.4158423852608437,1.3226456751174895,2.222300445333262,-1.7416947502279514,0.47921377455685155,-0.9259252400334386,-0.17962986935045544,0.12263729541558024,-0.2610323632147036,1.553578893458688,-0.3892040243080197,-1.6587188506344517
-1.4241529540853424,0.8714845931924342,0.5044767813192521,-0.20821527002682386,-2.060616278076516,5.0943886965100305,-7.605597832578916,1.961363040274539,6.727562701448697,0.9877903172379584,-1.9144358041591452,-2.0194086272500575,-2.8555173672487744,1.2643730089284273,-0.5910263485805213,2.536294358628495,-0.3177059597158669,2.4460723915550875,-1.4536613375154719,1.514344355676685,0.11935342417558935,0.7704098840721344,1.3459679657882533,0.056408546957010454,1.4284827967950284,3.2571589786386697,-0.5996502392102223,-0.615504333098035,-0.5257068394952825
2.7488077478978172,-0.23145472170453496,-1.4528072291958352,0.40944517661785335,0.915706130551488,-3.689497181932953,4.762446499605791,0.9593604100285149,-1.3830988411456373,-2.3161780946751476,1.4136525217079838,-0.46722266782927663,-2.9182862859075067,-1.106624490907679,0.4730510782995637,-0.736915262439507,0.31396978117610663,0.2343245266158447,1.0061871170889862,0.6739953401757564,-0.3092038610410011,-0.9521429597767269,0.676601794866789,-0.39036081554451557,0.7694896704238067,-0.42767146302673664,2.8380348699778395,0.8000139332512968,-0.48358926914356176
-0.48833488937423875,0.9510404588106953,0.9068196467964845,-0.6493885625859034,0.9622829494575482,3.528536858095706,2.027441502766882,0.12894605689429384,1.5654859804620587,-5.221808231283553,1.478365381503199,1.2983765342360705,2.8865574286720204,1.7455671188220399,-1.217193970599048,0.5909699615837747,0.8809132570694213,-0.6520642379083135,1.464528748877196,-1.3520868089519895,1.4127190879157563,-0.5434952141375862,0.6329304710828617,-1.9902827130659448,1.6207073982078557,-1.3689665837727545,-1.6120114964596555,0.4403108691339601,0.20372974130633478
-1.1486421215119573,1.9612928629143238,-0.40119780515727316,-0.5045081248360948,0.6831366397221197,2.141842277031162,-2.4900386610205714,-3.461738330497966,1.3866016561106673,0.6929523167912675,-2.4820299822812584,-2.4282095315503183,0.14854957066240768,2.725971042614508,3.073574549508891,-2.3640899038512835,1.2132127788226779,-0.21731620925180148,0.21232798918665963,1.8514311059355237,-1.0397669670167837,4.322307764770854,0.4679980664400094,1.252176604493823,-0.2414011382392126,0.435294786902572,-1.4465921260807615,0.5145936622007402,1.0592805315387384
1.5106167813787441,1.8981410620432728,-0.35794066021814147,-0.40181061452082106,-0.5374577576023698,-2.2901910984151708,0.18094549876430457,-0.6758257169873755,-2.7233004712083186,2.8294242600479507,1.5587140026354143,0.21375845183953787,-0.7274741876906586,-0.848864474015443,-0.43876461920219767,0.004757558607023366,-0.49869795445846854,1.947008556993084,-0.8340411136698945,0.79564279664868,1.7672230273590241,1.8674282532481292,-0.6990316455134926,-2.2617573137123816,0.34492629545317266,-1.0524223698614834,0.9629232283313536,1.802359085924118,0.25810356694933273
0.5338661930316364,1.2728796457607505,-0.6815180207694967,-0.5390521425370858,-0.03008934653323605,-1.221711736283849,3.3387836799819617,2.937333359770524,0.3233847565518135,1.5808998394649287,1.1927398346226123,-1.005562612247271,-2.807975385384708,0.30852098030602004,0.31437043968227024,0.312421093270495,-0.4570608255215944,0.1986426454601593,0.2188691210330931,1.1289220002423013,1.530762366972551,-0.5007485231335005,-0.3449204328105653,1.1524617380732303,-1.2090968267014925,-1.4928758530345985,0.8649110035240603,-0.48754966768668584,0.564134380993712
0.18237867498014693,0.6880227590713809,-1.2932245644476625,-0.3391483634393367,0.4094245446285916,-2.106777101654528,-4.041656563380639,-1.3554544767653178,0.6780601993348594,-0.6253194741350654,0.6689561262165814,-0.24644691173523708,-0.8968471400570899,-1.982768292912115,-2.9516477364268305,-1.1319875762807288,-1.625912771559248,-0.8884093856854575,-1.5671068039192388,-1.5685329966044692,-0.7513975814169326,-0.3298117133631264,0.9170221677874132,0.9886516038310029,-3.8488065807698613,2.1022853263963417,-0.629668465613958,0.009582404486591084,-0.11523725209181267
0.3947587442885323,-2.4765411445769887,-0.5167065159044523,-0.013823029583849414,-0.286721869933126,4.740357016342966,4.017493381540308,3.220380210009505,0.6082771028882905,-1.773534503322797,-2.000889527811552,1.4309855530575746,0.1334584880725406,-1.0701759536412836,0.555787500390361,0.756635711877514,0.5449034145620472,-2.2017183426232227,-0.257633813214758,1.263943317357522,0.18320860135006237,-0.7106967883786801,0.408944507852488,0.5483901723494033,0.5066763196004926,-1.7838268490020266,0.23531679404968747,-0.5508623635439265,-0.3624517178938908
-0.8223434292177713,0.9880773530211096,-0.3070342308111531,-0.6902884441325497,-0.032235522314494426,4.057201446831702,1.327329001248692,6.919161183842998,-0.4547514060941958,-1.1896115879567761,5.233362733422758,-0.19828633398429155,7.111561882063384,-1.1211950195560456,-1.620047493140486,-0.5227817388705678,-2.837856340689225,0.8591591747118282,1.2321164025244933,-0.15195402286122417,-2.888986141550389,3.5878651615296993,-0.11926468580486767,2.7725573191146666,-0.00010241483382651135,-3.2232628959450706,0.03496932866909791,-0.10888885208736941,-0.10082025131202545
-2.3894686914347307,-1.9315082070108296,-0.6919469534323206,-0.629890225070516,-0.3041601582414756,-0.6943361678387345,1.101319324811021,0.14021342883417587,-0.9055377457684362,5.288308246749794,1.7248570680507127,6.469697616590686,-1.734332492873797,-0.35333584532531387,-0.7189175056601212,1.7671627690798466,-0.7862823965723647,-0.30065856373067196,0.782026861220236,0.034073583541741885,-2.319315607998358,-0.43208888606140383,-0.15834600630136586,-1.2038452262427313,0.8684427437897395,-0.42204324313263364,-1.015527542130701,-0.6335391707363073,0.212097626042002
0.5297391256250138,-1.2105461264253634,0.9500660083294902,0.36828022067913724,0.5176380042578815,-5.653669819407315,3.985323035844427,-2.9444975191561205,-1.3859057865204176,-0.40478591526798147,0.5580767054427087,-1.3044221173750035,1.9970461912563917,0.5429313200687114,0.9751513901465407,-0.12383418960130574,-0.884699705411294,-0.29593597651187104,-1.0259463903107748,1.764148635669534,2.7900130410156327,0.7978099368087423,-0.5223496130252202,-0.017300994644103833,-0.8387641667734681,-1.3866252434468913,-1.3404976343369261,-1.3997402050437635,0.6469417678568717
-2.3572429835523847,2.234398656145095,-0.008057423772100877,-0.47371934011354966,0.129205373130057,4.378209289074132,-2.5191833604078155,-4.361722098133619,0.05724860055058956,-1.5708006335522047,10.12962333318354,-1.30944178051446,-0.10104432232266108,-0.23394260638153191,-0.3627684269081386,0.190912412682473,0.978234060091266,-1.1790274380920436,-2.7547407292811457,0.7421892062699252,1.2767018173336302,-0.7644776880740071,-2.7386486932141985,-0.09752551564858061,0.8844743158098647,-0.41541288467415016,-3.2034576875805,-1.2256840299196448,0.6756334869955121
-2.13773458252181,-3.124235742310883,1.081966791521963,1.879577488657679,-0.5069355285538826,-3.6374999455437163,0.39132591149932927,2.9071087434861256,-0.800983309956909,-3.6701771221402635,-1.1313835391673017,-1.8104293433833467,-0.3597838967479779,0.024307374469269203,2.3160677955215627,1.0016506157031113,0.028545702606456298,-0.1453412619507905,1.1758151577615334,-1.4126946908824518,-2.703364444754308,-2.3649397287443135,-3.7134006055801243,-0.25327752255273916,-0.02279541802784628,1.803930858966133,2.406856458390568,-0.36419165570484674,-0.3920839127892948
-2.310241629812566,0.8321257695846459,-0.41666672703891655,-0.6748587444189239,0.06231888939398951,-2.2256979161867627,-5.334167671807508,6.27788567784085,-3.410169471175543,2.3103271015366897,-0.04907406827041829,-0.4793339581876799,-0.369382536169571,3.0675223174290696,1.1636602917519694,-0.23924905259100926,0.7930952464809574,-1.2593548108413781,0.2331281253609132,-2.1857124027644876,2.0410357626077884,3.4670094826589106,-0.9043543391647854,-3.2716159442548522,-0.6370432679000014,1.3285312605823543,-1.2572689137643986,0.267016205901621,-0.7216169809808536
2.807955714829245,0.058078402042428076,0.19513487956816292,0.8252131841960576,0.5097358837608821,-0.9115778073344627,5.552419974611323,-1.9879789414977773,2.0054932201590425,2.544536070242737,2.682427726699433,-4.663990258452795,-1.5448316926965626,-1.048638450434041,2.420289578995716,0.35513110352811833,-2.6012914460191654,1.783645504977497,-3.0488077778369873,-1.444349588201732,-2.1328310938120305,-0.12873213544870332,0.6376032785240058,0.08446643692999217,0.8634099883041382,-2.885816999545478,0.09279672417651828,-0.49009201808580205,0.5744384432555184
1.1255554281884794,1.7059368369266434,-0.9025512438706422,-0.8649834517633728,-0.1666155770419262,1.8092444793323383,3.346559281977722,-3.7060492948418413,-2.8864047037741862,2.618524900541124,0.5010733131300839,-0.8768448604195146,4.222660839528371,4.209732171905148,-2.454813345664837,-3.5541793955669725,4.153552803255641,2.524698792909783,-0.645948714695189,1.1211823911534482,-1.5586871900074786,-2.3155963891432636,-0.9346032406672252,0.30882039458529287,0.7484734193952236,-2.638479504639671,-0.6911075477891885,0.10628866398234599,-0.5036111374216594
-0.024931226685487445,-4.391626015687579,-4.442030379154278,0.801220900491359,-0.18543140616222734,-1.3596954122566054,-3.117673074945142,1.1744460806582198,-0.6932219740912481,1.7465885088265987,-0.4569809288314258,-1.3648810601934434,-4.967524808886656,1.9199607959716998,0.9586667304345003,-3.648837062619573,1.1319333833783465,-3.0588745323321227,-0.23050563548650943,-1.2421718644582285,-1.4087629382096805,-0.04306645465589263,-0.46199113301655026,2.378730282177868,0.2111377031543038,2.6578880506363167,-0.38439913019148975,0.6096195380566397,-0.6796594900506948
-2.9149032297005477,-1.667733772507186,0.1513611044275642,-0.4977705991039677,-0.5500594323051521,-3.1566622532167172,0.3699762709289952,0.14175421345633793,3.6145000907893365,2.3843693651874585,-1.4608814976674087,-0.3902320632117942,-0.5266599352788365,1.0424426570134988,3.100171247214502,3.932908880214007,0.8996169486654171,3.288501839012602,2.465507670390311,1.6097032432698974,0.5911253597937441,0.7137223802926478,-2.111728837176931,1.2506130414801837,0.5890734664236539,1.1198458220089198,-0.7393477696931343,-3.3161995018298884,-0.5707315639103628
-3.529698945219585,-0.07482608990736608,0.5702619322088744,-0.3892148121338522,-0.44093586711676547,5.996455151616616,4.568411299957131,-0.07995887010665509,-3.8855637346608596,-3.031858034976737,1.4875825569528487,1.8056793826058823,-3.7240739795983253,0.3932118267914572,-2.5653976545755204,0.7175471830498797,-0.8055267433908889,2.0549460579180976,0.5953412483352676,-1.9834303238218294,-1.3424519925857499,0.40609921795518344,0.9509427209683802,-0.5218165299649362,0.6111715897837968,-2.5839332799370354,-1.7932316776010437,-0.043388951258726105,-0.4818967290821653
-0.034431743209297566,1.4029034350189502,-0.4057045858889084,-0.6901456287579072,-0.35727396663142363,3.7313455847514185,5.190275727487071,1.971239265600875,-0.529436111348088,-0.7393271759299692,0.6200079644054927,2.203337243615206,-0.8980626548272542,-1.3408505407866573,0.6353569693747765,-2.5571291683185846,-0.6650925001790418,1.1312896396631995,0.37483075409536326,0.5650201029960762,1.9837370986799616,0.20698503305862137,1.3987603101296968,-0.9726649562336996,0.3664322663038479,-1.7971599922267854,-0.058231349773943494,1.532987461605876,0.788635053979319
-2.0004701402388254,-0.2793380621726233,-1.352190334337886,-0.3598018200003512,1.2479168027396337,-3.455088102939092,-1.8261158647325073,-2.419279689052867,-1.10051152477828,-0.13738196559553043,-2.796308556487331,0.3245542447808395,-0.42594354117936556,0.2922296298661557,-1.3918648610234594,1.2969955584817767,-3.869418575483441,0.9082094468217607,-0.3308461051801325,-1.8079809484365104,-0.7194111332602219,1.9298331718924084,-0.8490748509527267,-0.5924790061110046,1.3257504604499502,1.58795981232585,1.67847458222435,-0.07854349828125338,-0.1415160965453105
-2.0399429778845595,1.2497637028629822,0.007021370542499428,-0.5802049543885058,0.2562855522423155,13.927565335627545,-10.066848571016761,-3.595859684088347,-9.508394815007177,-0.3828983158721739,0.7246857466878598,0.8930011014683825,3.0127876465072516,-1.2128168145667504,4.9273375474290795,0.23647308549192408,-1.8704188406984774,-0.1206740788154121,3.0842043509876182,1.0252757629099472,0.5050090655593932,-1.6143504537637532,0.5544703504698626,0.297817708796906,0.08962267864562916,0.6626707190530414,-1.4829907087399616,-0.2530140541710118,-0.9262930493331863
0.9981600186931475,-0.02613892759877577,-0.3064014827204014,-0.2193831218988256,-0.6217212187504381,1.4322371127877223,-1.2576339870094566,-1.910201992936215,7.9556445628138315,1.662845644422574,2.4459783125501513,1.4877195662427345,-2.4773517386972315,1.9174294988573366,1.2798331647651546,0.7033070919915982,-1.472247423981486,-3.511622658425692,0.8822070979073247,-0.4918948339825546,0.9068572784461604,-2.0391354172468374,0.5456868581514462,0.46276017500087224,0.7826436431788238,0.9868479046670855,0.974336753490959,-1.8775790617236763,-0.5592001928000175
0.9987185510024421,-0.26097954536590817,-0.5300741247461571,-0.7655832104696468,0.324310966049289,-1.1624133127558336,1.7760013073149448,-0.9905895189322949,-3.7074624183314944,-5.152660917245086,0.06045403617540773,-2.6123172262846706,-1.033320273030953,0.6414525790125782,-1.9107942947702454,2.7770193715636498,1.0494751051704843,-0.4669519735131893,0.41649543819908735,-3.4954516706861023,1.0749366717210254,0.8292451205874022,0.6033026798227561,1.3137344804325537,1.3275217370224197,0.09513004880721712,1.0158866766020702,0.8198945192832549,-1.2420291380128259
-2.371450448926627,1.4774425473283508,-0.3050964956056146,3.4400330545353257,0.22267551935445665,4.742840826926663,-3.1821377932583013,0.1069051570589085,6.462834486906545,-3.60086558674088,0.8838295543871172,1.404035987469089,-0.277553174008497,-2.8187719218845664,-1.6291974082119252,-3.8773781053648633,1.23501189248522,-0.711214513400903,-1.4851406202959683,-0.37165421499512125,1.362798999489064,1.8437518914389908,-2.0485088151302757,0.4551600830490562,1.7227092861636406,1.873571353321379,-0.8005087801228973,1.3650365510203744,0.7090997294973296
0.43197904795910824,-0.8774002213306755,0.8000459808036504,1.203564637211082,1.2066657479584937,-6.315351424188342,2.24198376146844,-3.5073637393372272,0.028411448379790306,-2.9914373455292305,1.3087003118810518,-0.722746207559775,1.6090478239394652,0.7036735996330842,-0.4429318241940597,0.35302390536067935,-1.0381509698286475,0.029889068652198442,-0.16676883718262234,0.579006920331999,-0.1791728581087582,-0.5180338731990866,0.8466730802098514,0.38923659037379976,-1.2666002108698473,-1.2834784829917008,2.8546406001049887,-0.12044542322227093,0.6001411391502415
1.2550895936834596,1.3673998528400773,0.43137744676267203,-0.7541526578160356,-0.06857338217509262,7.152055932316751,4.654247439475192,-1.077261411388612,1.6315344932598257,-4.325453447549212,1.5936119881438173,2.057086778446091,-0.9852988168008153,2.1723304814256483,2.94326595244548,1.2641409028827495,-0.5273282330899786,-0.49278751689603234,-1.4648248785287536,-0.034962431975206744,-0.539563213243001,0.5668143187475568,1.1697831603274078,-1.0363295533517518,-2.8057419630921894,-2.104783596733241,-0.6857619971911063,0.0039340080802350574,0.8288041940624337
-1.167967885585824,0.6792536389842981,0.4981032914563577,0.5146646320406457,0.9374226322855594,3.131137798914693,-0.41051748581222497,-4.770812371646397,8.730364276305089,1.2656674761831577,0.9075872302937141,-3.019723634068772,1.9124847920818433,2.465600904044255,-1.330055111200188,1.8720748717306646,1.1647090710889734,-0.11866012124229156,3.9006410943125074,-2.261481500265641,-0.40865011993930894,-0.398858038251889,0.49286607642184405,-0.44751287579508103,-1.680637289165293,-2.01294964536661,1.0783270040433444,-0.2343939060229389,-0.10186341766869013
2.1860383721391843,1.2702121016785148,-0.5311562101724889,-0.6037471538278101,0.3562610358857449,-2.656974654493514,0.5800443014740118,-2.1868689681102005,0.7206116827330677,5.126520273163605,-0.6329601790253652,-1.5514331983229166,1.6633920043001036,-2.5175794863884198,-1.178719253203591,-1.0249446453275521,1.7492707435846604,0.4030480230211045,0.5303502489466952,-0.3473724790934841,-2.252195178070158,0.16455499133653334,-2.098951902604791,-2.9722811158671067,-1.0730774231655882,0.24523007007851597,3.177452115565789,-0.8695464124457639,0.5480860848014375
-3.9489442023075116,0.319890150529148,0.3871192935745797,-0.7406655260773439,0.5061297753560895,-2.111939455495141,-12.133488441104948,12.543291246807122,-0.6057131201044139,0.0965078649331748,0.4193796450449046,-3.8884849410221207,1.7748845504489885,0.36640757325210116,-3.3195694621105662,1.313042492124433,-0.5807805245589542,-0.2437636902971023,-0.8858606576581916,1.51158203279645,0.6742129823245177,-2.1929513311901268,1.26302365132983,-0.3876710493398928,-0.3353733199630552,2.6760966899392957,-0.3142836722502649,1.1278256744166602,0.0714170452419033
5.571326507840141,-3.660489903286822,-1.0599577608464412,0.2975864548353727,-0.26357079063982,-0.527915707075992,-0.7255056093951114,0.9686665074678967,1.4951177363808292,-1.9200381137552307,-3.05676180545711,1.4593504020166375,3.2591973602036073,0.36082613430190585,0.6886975727549755,0.24321052234281232,-3.725596371840776,-0.5626036919335583,-1.938300795970469,0.25909631886116075,-0.12476276595370049,-1.6742717507319391,-3.0041563460060736,-0.7044237542335536,-1.2827429916495467,1.9738865170290802,1.0640208359455319,-1.347452283630323,1.763600520606705
0.42475140755386886,-0.2835640231874937,0.15870423590790778,-0.521805910916397,-1.899499493184565,-2.2778814959386033,-0.4452049079631583,3.242985915942623,-1.0692816373929999,-2.717396070965108,-0.3463880867998536,-0.8769241676314888,-2.718597807533823,-2.0780453909713152,-0.9639616367597261,0.48977890231030496,2.9039768392547325,1.3452750374275537,1.0821525077094651,1.2322636523306205,1.2704276277371875,-0.9647997312842985,-1.221314432207765,1.425480630667089,-0.5578108437315381,2.238192837290647,3.001749189429302,1.2235313156572343,-0.2821696673104652
-0.317987018795652,1.8117456402180159,0.06547700395152192,0.06925564440832373,-0.5699569783110067,-2.6319499852479376,-1.953787253798183,-1.6075763741820703,-2.5432534889340923,-0.9923155340985473,1.917886986183193,3.4990371029763594,-1.552598133512838,4.362082213241788,-0.26868556697227525,0.6406529581348415,0.7342293509207773,-1.548662976552403,-1.1796863154450632,0.4315310392175596,-0.4583183021111244,0.47238374110635484,0.21919414588771627,-0.3184699550652954,-0.12570412354974453,1.02136213353081,0.9037086366914385,1.0710073939447553,1.7702601765417565
5.8704226144602405,1.862339076724452,-0.5498582006543337,-0.08755254870080761,-0.2887291435211819,-0.032828711862164434,7.360005107203403,2.415760743082982,-1.5613362021457757,1.2946613833537974,-0.9011523120190796,0.4962043884541996,0.48951076169033547,-1.8712451946792419,-0.4536660009770943,0.5301918368770445,-0.14563287501586372,0.8591072022743433,-1.0270706418234843,0.4362193660573531,1.1372199354004122,-0.13899791633747133,0.8665079249735449,0.2549125507844381,0.07628961097834346,-3.391895100640383,-0.04881586476894176,0.11549249900177766,-0.2720451740165201
6.442355550143921,0.918689670089276,1.340987545861584,0.058565903113705554,-0.021731800101211562,-4.935744665201427,3.093804650098206,-3.343340240826037,-4.485643941086717,1.0161993240644742,-0.09820705859082095,-2.8486045555911668,4.305600698177543,0.5509936296126335,-0.09995441754628716,4.314095331808714,3.853386050746208,-1.7368559216071233,-1.7472474778952711,-0.0840922351632839,0.878397716642787,0.3864356003380022,1.3350519120151696,0.9660170957330072,-0.046024854666125214,-1.8080054257393445,1.8411952187031748,-0.12670888803429095,0.01059132603389015
-0.6908711250154731,-0.060061230576467596,0.514776838167519,0.6201760525007656,0.897033554249811,-8.30756608960408,1.699218425821597,-2.169362847782274,-1.990606968087956,-0.9166221980792304,-1.5968921208297777,-0.8425851752251994,-0.918851331494136,-1.6135285172718832,1.4768743132380766,-0.6939012765615554,-1.8037949890761906,-1.2725728910870149,-0.006725562172436645,0.8879781017345888,0.18107693101230848,0.4767741104288242,0.009558762644844808,1.2211371568691223,0.9701079586950854,1.670032550962213,0.6528683795460141,-0.28049036144606404,0.02914030342245524
3.082747773794953,3.621451875573544,-0.21454173179171826,0.1894726501105329,0.9952692825536877,-3.0920793705550405,-1.546650029973371,-1.6554782826769416,-1.3833291124355718,0.3082491497890959,-3.803425500150946,0.27490616302793147,1.372583859600621,-1.5264073993550475,0.7091099739711788,0.9762822632166401,-0.20521477567319693,-4.019998891333117,-1.0535067769785955,-0.7129054785080933,-0.39483664073031005,0.21153327253148335,-0.016084345448441346,-0.5933890736558305,0.34058380102772434,1.9763334672237616,-0.3939406541585198,-0.22626726755372145,-0.008998587946264772
3.673104878773765,0.9798744761008586,2.414371649213868,2.485461020777951,-3.1216509650774804,-7.448961635033593,-5.186700587827717,-5.881422119542809,1.8581995701552754,-1.599395500883706,-2.1370722686435895,3.3745352430679003,2.197767472359831,0.2858095949390149,-1.727267778171621,-0.06943646002090396,-1.4858213593309297,0.26851301954559387,0.9975166715141299,0.43900470585110957,-0.5914030126323897,-0.36350100962412774,1.2232068535851055,0.27037670157697713,1.3923284390427852,4.124817488137563,-2.113093375100335,-0.32158579557946865,0.2649186215049162
-5.502559769115333,-3.3456139927697937,1.1943368500695175,-0.10721948975100956,-0.7364166860537428,0.7053001092976213,2.1292735509089087,1.3573285426315302,3.2847127709743895,2.743817252313577,-3.2665373310631964,0.736326025001689,2.3516325944502228,-2.3745267916590724,-1.0869905634244346,1.0495187898584566,0.833463938149587,-2.568606510547162,1.1190201554208494,0.5900250663044581,0.37091958396222935,0.7240175886925216,0.32367438933330644,0.4284624749076305,0.899888568836104,-0.036043879264548565,-1.5096042708829807,0.42727954948767866,0.5860568611331698
-4.21749263644586,-0.07647162630989575,0.5899453097994583,1.8097757683401505,0.5129070819029158,-9.683918590135004,-9.144615785258374,0.5659723206270604,1.2894944340490553,-3.7611914992187714,0.2913910271763383,4.644687783220998,1.3548091073642343,-2.712035693623898,3.8803416247426683,-2.1742998524151145,4.084572554236829,2.5926656457803707,-1.1032479710924896,-2.3795473785944363,-1.1828162472328252,-0.44036321676706836,2.5804734297209904,-0.20009694935019076,0.059415029604588575,3.8395282776997863,-0.7868897709590229,-0.24741061001995593,1.1707769322422663
-0.18785143368304838,-0.794952708270866,-0.17634248069844766,-0.2771767078700535,0.5188677136896903,-2.276140112182793,0.5715423158371307,1.2261666378556206,3.231340035048976,-1.2161430258567019,-1.1741575639694997,-1.9776845849680755,2.122967192743573,0.7494733456816465,1.6053425177511302,-3.084819099859965,-1.8496750982594974,1.7238552956707345,0.7220127862467135,-1.3079660768036403,1.9920171776690108,-1.4287332665878218,-1.4751453378722388,-0.18659572849283565,0.9112685387792512,1.589095906400547,0.9705624945160561,0.11134493155624099,0.25851126177950473
-1.5734499815656313,1.427931156991681,0.184430352005505,-0.3318120621526593,-1.5917954778454395,11.359789739256954,-2.504563351477211,-3.1323494134902288,-0.7750578514751145,-1.791798309927068,-6.647736463778736,-2.2721047012591877,-1.2784288427128483,1.2953928165867643,-1.6279244171752787,0.5556316680880838,0.2746831822113324,1.5401741375554305,-3.266482484137101,1.1221571796998224,-1.5915237068513126,-0.7234632623488871,0.6581028164715169,-0.7423825419742348,0.405433693565281,-0.9873905741077983,-1.0414177602513193,0.9461060721505378,-1.7346188679546177
0.8857234963008266,1.6164422494637116,-0.7693914507770552,2.0963543682950143,0.17516617674811563,3.7270805311317523,5.786966607085779,-0.28276482511044987,2.48411803737015,-1.5176250410473908,-2.6138064860038908,-1.5784242826059487,0.21924803139475355,-2.151328356587615,-1.4526080265647132,-2.963844779832705,0.7959657134570276,-0.8608571508797249,2.862891553263214,0.5129694559770369,0.6389851445453274,0.2114600710523756,1.4252882842564636,-1.1760010114434858,-1.21346559222627,-2.4782472669617115,-1.1094746087110787,0.009701247612141865,0.5401016134450561
-1.5386833251599745,-0.09898672762322032,0.27608055703841966,1.924311169824609,1.9928645296713257,-1.2728802801350767,1.5483908013220617,2.302709165165569,1.8063613987786573,-2.464361513448593,0.3641435069858652,1.5873179197067748,-0.10645628817912396,0.735806916643315,0.4536096219458219,-0.5824627359168154,0.6784832060341185,-1.3987483908061504,-0.5296478144710686,4.584597701835839,-1.8519769433502644,0.6186477734660979,0.2882374625973188,-1.152295693218933,-0.6260749412034158,-2.1184556858905297,0.6795371961766853,-1.4200882400555552,-0.38902723565999797
3.2482970009834657,-3.1570304356978007,-0.4710476600414566,-0.31718096391725864,0.3409295026753006,-2.9273079942962963,-0.06201272623693228,1.3896972707444386,3.3198688474361817,2.5376001728682125,2.891346510534892,1.6294986146579336,0.23193874535224598,-0.2577653603441175,1.7777942627738677,0.8787742587719436,-0.2601998081658298,3.454526080336472,-0.5404091684225538,-0.4115858410148612,1.0908197183177253,-0.603031255311598,1.6683169913780957,0.33923716131316256,-1.3781608503570562,0.5341483851344524,1.654418933644801,-0.33792245945538374,0.3107403408592642
4.625164820327615,-4.150340616169369,4.155868171484586,-1.4674970871434194,1.804587175091048,2.3500798707207555,-4.281661464820205,-5.749603441797294,-3.6673487372922526,-1.609272805540263,-3.1548388970315804,1.235614831659797,-3.497333299363183,-1.3900199950583614,-2.4482808635770246,0.08587328019915111,0.03943306890346991,2.0120918325598716,1.1895914604765498,-0.4019169710185453,1.7715389349072632,0.7408989657371777,-2.177459751375231,1.3169155134290138,-2.149296402955523,-0.8098290385198746,0.38511107175767645,1.7221208974793414,0.06589062513052757
-0.8942964991597332,-0.07236871677843555,0.9601282802888539,-0.766962317271966,0.439869342200553,-0.44283635586546855,0.4190189246165888,5.383912986551269,-3.3006495132559803,4.344368178108928,1.057733399495042,2.2897778457430578,-2.18502330043601,4.6391070214517915,-0.9774997231050893,-1.616004046860836,0.22773801163620494,-0.24249193628847365,1.5725250725239355,-0.6317720941627032,-0.3922032378049553,-0.19141212847932856,-0.182859313717186,1.1091220172455694,-0.25053753410981644,0.7617719681174738,-0.747827709722761,0.04135027079039946,0.13624572907870253
